room_id,room_name,branch_id,branch_name,room_type,concept,concept_name,capacity,bed_type,area,amenities,description,slot_group_id,operational_status
BT-STD-01,Standard BT01,BT,CozyHome Bến Thành,Standard,Đô thị và văn hóa quốc tế,Đô thị năng động,2,1 giường đôi,22,bàn làm việc vintage|đèn đọc sách cổ điển|máy lạnh|minibar|smart tv|view thành phố|wifi|máy sấy tóc|phòng tắm riêng,"Phòng Standard BT01 mang đậm nét hoài niệm Sài Gòn xưa với đầu giường mây đan mộc mạc và tranh phố cổ tao nhã. Cửa sổ lớn đón trọn nhịp sống sôi động trung tâm Quận 1, kết hợp bàn làm việc gỗ tự nhiên và đèn đọc sách vintage ấm cúng.",N1,Sẵn sàng
BT-STD-02,Standard BT02,BT,CozyHome Bến Thành,Standard,Đô thị và văn hóa quốc tế,Ánh đèn thành phố,2,1 giường đôi,22,bộ ấm trà đạo|đèn ngủ washi|vách kính phòng tắm|bàn làm việc|máy lạnh|minibar|smart tv|view thành phố|wifi,"Phòng Standard BT02 thiết kế theo phong cách Zen & Japandi thanh tịnh với vách gỗ Shoji truyền thống và ánh đèn Washi dịu mắt. Căn phòng sở hữu góc trà đạo tinh tế với bộ ấm chén gốm đen và cửa sổ ngắm toàn cảnh phố thị Bến Thành.",N2,Sẵn sàng
BT-STD-03,Standard BT03,BT,CozyHome Bến Thành,Standard,Đô thị và văn hóa quốc tế,Lãng mạn ban đêm,2,1 giường đôi,22,ban công ngắm phố|gương vòm toàn thân|bàn trang điểm|máy lạnh|minibar|smart tv|wifi|máy sấy tóc|phòng tắm riêng,"Phòng Standard BT03 tái hiện nét lãng mạn nước Pháp với ban công sắt uốn nghệ thuật rợp bóng hoa lá ngắm kiến trúc phố cổ. Không gian trang nhã với tranh Paris, gương vòm toàn thân kiêu kỳ cùng rèm nhung hai lớp đón nắng sớm chan hòa.",N3,Sẵn sàng
BT-STD-04,Standard BT04,BT,CozyHome Bến Thành,Standard,Đô thị và văn hóa quốc tế,Thư giãn giữa lòng phố,2,1 giường đôi,22,máy chiếu phim|sofa thư giãn|tường gạch cổ|bàn làm việc|máy lạnh|minibar|wifi|máy sấy tóc|phòng tắm riêng,"Phòng Standard BT04 sở hữu phong cách New York Industrial cá tính với tường gạch đỏ thô mộc và trần bê tông mài. Căn phòng trang bị máy chiếu phim sắc nét cùng sofa nệm êm ái bên khung cửa sổ thép ngắm nhịp sống đô thị về đêm.",N4,Sẵn sàng
BT-DL-01,Deluxe BT05,BT,CozyHome Bến Thành,Deluxe,Đô thị và văn hóa quốc tế,Đô thị năng động,3,1 giường đôi lớn,28,máy chiếu rạp phim|view landmark 81|sofa cong cao cấp|bồn tắm ngâm|bàn trang điểm|máy lạnh|minibar|wifi|phòng tắm đá cẩm thạch,"Phòng Deluxe BT05 rộng 28m² sang trọng vượt bậc với vách kính panorama bắt trọn view Landmark 81 và Bitexco rực rỡ. Phòng sở hữu sofa cong thời thượng, máy chiếu rạp phim tại gia màn hình lớn và bồn tắm ngâm thư giãn đẳng cấp.",N1,Sẵn sàng
BT-DL-02,Deluxe BT06,BT,CozyHome Bến Thành,Deluxe,Đô thị và văn hóa quốc tế,Ánh đèn thành phố,3,1 giường đôi lớn,28,ghế bành da chesterfield|bồn tắm ngâm|máy pha cà phê|loa bluetooth|smart tv|bàn làm việc gỗ sồi|máy lạnh|minibar|wifi,"Phòng Deluxe BT06 đưa bạn vào không gian quý tộc Anh quốc với gam màu xanh rêu hoàng gia, tranh tháp Big Ben và ghế bành da Chesterfield hảo hạng. Trang bị bồn tắm ngâm thư giãn, máy pha cà phê thơm nồng và loa bluetooth nghe nhạc jazz cổ điển.",N2,Sẵn sàng
BT-DL-03,Deluxe BT07,BT,CozyHome Bến Thành,Deluxe,Đô thị và văn hóa quốc tế,Lãng mạn ban đêm,3,1 giường đôi lớn,28,bồn tắm ngâm|sofa thư giãn góc|bàn mosaic thủ công|smart tv|máy lạnh|minibar|view thành phố|wifi|phòng tắm vòm cong,"Phòng Deluxe BT07 rực rỡ sắc màu Địa Trung Hải với mảng tường đất nung, vòm cong Tây Ban Nha và bàn làm việc ốp gạch gốm mosaic thủ công tinh xảo. Không gian ngọt ngào với bồn tắm ngâm và sofa góc êm ái lý tưởng cho kỳ nghỉ lãng mạn.",N3,Sẵn sàng
BT-FAM-01,Family BT08,BT,CozyHome Bến Thành,Family,Đô thị và văn hóa quốc tế,Thư giãn giữa lòng phố,6,3 giường,40,3 giường ngủ tiện nghi|bếp mini|lò vi sóng|bàn ăn gia đình|sofa bed|smart tv lớn|máy lạnh|minibar|wifi,"Phòng Family BT08 rộng 40m² tiện nghi cho cả gia đình với 3 giường ngủ êm ái (2 giường đôi lớn + 1 sofa bed cao cấp) và mảng tường bản đồ thế giới bằng gỗ 3D ấn tượng. Phòng tích hợp bếp mini nấu ăn tiện lợi, lò vi sóng, bàn ăn tròn thân mật và phòng tắm kính rộng rãi.",N4,Sẵn sàng
TD-STD-01,Standard TD01,TD,CozyHome Thảo Điền,Standard,Cao nguyên và thiên nhiên,Xanh mát thiên nhiên,2,1 giường đôi,22,view vườn cây xanh|cây xanh lọc không khí|bàn làm việc gỗ sồi|smart tv|máy lạnh|minibar|wifi|máy sấy tóc|phòng tắm riêng,"Phòng Standard TD01 ngập tràn hơi thở Bắc Âu với tone màu xanh Sage Green dịu mát và tranh thực vật botanical. Cửa sổ lớn nhìn thẳng tán cây xanh rì rào kết hợp chậu cây thanh lọc không khí, mang lại giấc ngủ thư thái và an yên.",N1,Sẵn sàng
TD-STD-02,Standard TD02,TD,CozyHome Thảo Điền,Standard,Cao nguyên và thiên nhiên,Ấm cúng gia đình,2,1 giường đôi,22,ban công sân vườn|bàn trà ngoài trời|bồn tắm ngâm|gương trang điểm elip|smart tv|máy lạnh|minibar|sàn gỗ xương cá|wifi,"Phòng Standard TD02 sở hữu ban công sân vườn rợp bóng cây xanh với bộ bàn ghế trà ngoài trời cực chill ngắm phố Thảo Điền. Nội thất nổi bật với sàn gỗ xương cá ấm áp, bồn tắm ngâm thư giãn và bàn trang điểm gỗ tự nhiên thanh lịch.",N2,Sẵn sàng
TD-STD-03,Standard TD03,TD,CozyHome Thảo Điền,Standard,Cao nguyên và thiên nhiên,Yên tĩnh cao nguyên,2,1 giường đôi,22,gác lửng thông tầng|sofa thư giãn|bếp mini|bàn ăn gỗ|smart tv lớn|view rừng cây|máy lạnh|minibar|wifi,"Phòng Standard TD03 là căn Loft gác lửng thông tầng bằng gỗ sồi độc đáo như một căn nhà gỗ trên cao nguyên. Tầng trệt là phòng khách rộng rãi với sofa xanh rêu, bếp mini và bàn ăn, gác lửng trên cao là phòng ngủ riêng tư ngắm trọn vòm cây xanh.",N3,Sẵn sàng
TD-DL-01,Deluxe TD04,TD,CozyHome Thảo Điền,Deluxe,Cao nguyên và thiên nhiên,Gần gũi cây cỏ,3,1 giường đôi lớn,28,view sông sài gòn|máy chiếu phim|bồn tắm ngâm|ngắm hoàng hôn ven sông|gương trang điểm elip|bàn làm việc gỗ sồi|máy lạnh|minibar|wifi,"Phòng Deluxe TD04 tọa lạc tại vị trí tuyệt mỹ với tầm nhìn panorama trực diện sông Sài Gòn lộng gió và cảnh hoàng hôn buông lãng mạn. Phòng trang bị máy chiếu phim sắc nét, bồn tắm ngâm thư giãn cùng bàn trang điểm gỗ sồi sang trọng.",N4,Sẵn sàng
TD-DL-02,Deluxe TD05,TD,CozyHome Thảo Điền,Deluxe,Cao nguyên và thiên nhiên,Xanh mát thiên nhiên,3,1 giường đôi lớn,28,gương vòm toàn thân|bàn trà đọc sách|bồn tắm ngâm|tủ mây kịch trần|smart tv|máy lạnh|minibar|view vườn cây|wifi,"Phòng Deluxe TD05 mở ra khung cảnh vườn xanh tĩnh lặng với góc trà đọc sách an yên bên cửa sổ. Phòng nổi bật với gương soi toàn thân dáng vòm, tủ quần áo mây đan kịch trần tinh tế và bồn tắm ngâm giải tỏa mọi âu lo.",N1,Sẵn sàng
TD-DL-03,Deluxe TD06,TD,CozyHome Thảo Điền,Deluxe,Cao nguyên và thiên nhiên,Ấm cúng gia đình,3,1 giường đôi lớn,28,ban công riêng|ghế mây trứng|bồn tắm ngâm|tinh dầu xông thơm|smart tv|máy lạnh|minibar|tranh macrame|wifi,"Phòng Deluxe TD06 mang phong cách Bohemian cao nguyên ấm áp với tường đất nung terracotta và tranh macrame dệt tay thủ công. Ban công thoáng rộng trang bị chiếc ghế mây trứng thư giãn để bạn thả mình nhâm nhi tách trà giữa thiên nhiên nhiệt đới.",N2,Sẵn sàng
TD-FAM-01,Family TD07,TD,CozyHome Thảo Điền,Family,Cao nguyên và thiên nhiên,Yên tĩnh cao nguyên,6,3 giường,40,3 giường lớn|ban công ngắm rừng cây|bếp mini tủ kệ lớn|bàn ăn gia đình|bồn tắm ngâm|smart tv|máy lạnh|minibar|wifi,"Phòng Family TD07 rộng 40m² lý tưởng cho gia đình 4-6 người với ban công mở ra rừng cây xanh ngắt. Không gian sở hữu 3 giường ngủ thoải mái (2 giường đôi lớn + 1 sofa bed), bồn tắm ngâm cao cấp và gian bếp tủ gỗ sồi kịch trần tích hợp bàn ăn ấm cúng.",N3,Sẵn sàng
TD-FAM-02,Family TD08,TD,CozyHome Thảo Điền,Family,Cao nguyên và thiên nhiên,Gần gũi cây cỏ,6,3 giường,40,3 giường lớn|cửa sổ vòm biệt thự|bàn trà thư giãn|bồn tắm ngâm|cây xanh lọc không khí|smart tv lớn|máy lạnh|minibar|wifi,"Phòng Family TD08 sang trọng với thiết kế cửa sổ vòm phong cách biệt thự Thảo Điền nhìn ra rặng dừa xanh mướt. Phòng bố trí 3 giường ngủ êm ái (2 giường đôi lớn + 1 sofa bed), bồn tắm ngâm thư giãn cùng góc trà đàm đạo ngập tràn sinh khí.",N4,Sẵn sàng
PMH-STD-01,Standard PMH01,PMH,CozyHome Phú Mỹ Hưng,Standard,Biển và nhiệt đới,Nhiệt đới trong lành,2,1 giường đôi,22,ban công rặng dừa|đèn thả mây tre|bồn tắm ngâm|bàn làm việc gỗ sồi|smart tv|máy lạnh|minibar|thảm cói dệt tay|wifi,"Phòng Standard PMH01 đem đến cảm giác như một resort miền biển nhiệt đới với ban công kính mở ra rặng dừa xanh mướt. Đèn thả mây tre đan ấm áp, thảm cói dệt tay và bồn tắm ngâm thư giãn giúp kỳ nghỉ thêm phần trọn vẹn.",N1,Sẵn sàng
PMH-STD-02,Standard PMH02,PMH,CozyHome Phú Mỹ Hưng,Standard,Biển và nhiệt đới,Lãng mạn ven hồ,2,1 giường đôi,22,ban công view hồ|ngắm hoàng hôn ven hồ|bồn tắm ngâm|bàn trang điểm|smart tv|máy lạnh|minibar|wifi|máy sấy tóc,"Phòng Standard PMH02 sở hữu ban công lãng mạn hướng hồ đón những vệt nắng hoàng hôn rực rỡ buông xuống hàng dừa nước. Tone màu xanh biển pastel dịu mát kết hợp bồn tắm ngâm thư giãn tạo nên không gian tuyệt vời cho các cặp đôi.",N2,Sẵn sàng
PMH-STD-03,Standard PMH03,PMH,CozyHome Phú Mỹ Hưng,Standard,Biển và nhiệt đới,Ấm cúng gia đình,2,1 giường đôi,22,ban công view công viên hồ|máy pha cà phê|bồn tắm ngâm|bàn làm việc|smart tv|máy lạnh|minibar|wifi|máy sấy tóc,"Phòng Standard PMH03 ngập tràn ánh nắng tự nhiên với ban công ngắm nhìn công viên cây xanh và mặt nước hồ mát lành. Căn phòng trang bị máy pha cà phê phục vụ bữa sáng thơm ngon cùng bồn tắm ngâm thư thái.",N3,Sẵn sàng
PMH-DL-01,Deluxe PMH04,PMH,CozyHome Phú Mỹ Hưng,Deluxe,Biển và nhiệt đới,Thư giãn ven nước,3,1 giường đôi lớn,28,máy chiếu rạp phim|ban công vườn nhiệt đới|bồn tắm ngâm|gương đứng toàn thân|bàn làm việc gỗ sồi|máy lạnh|minibar|wifi,"Phòng Deluxe PMH04 rộng 28m² nổi bật với máy chiếu rạp phim màn hình lớn cho bạn thưởng thức những bộ phim yêu thích trong kỳ nghỉ. Ban công mở ra khoảng xanh nhiệt đới rậm rạp kết hợp bồn tắm ngâm cao cấp.",N4,Sẵn sàng
PMH-DL-02,Deluxe PMH05,PMH,CozyHome Phú Mỹ Hưng,Deluxe,Biển và nhiệt đới,Nhiệt đới trong lành,3,1 giường đôi lớn,28,ban công vườn nhiệt đới|gương vòm toàn thân|bồn tắm ngâm|sofa thư giãn|smart tv|máy lạnh|minibar|bàn trang điểm|wifi,"Phòng Deluxe PMH05 mang phong cách nghỉ dưỡng ven biển tươi mát với ban công rợp bóng cây chuối cảnh và cọ dừa. Phòng trang bị gương vòm toàn thân sang trọng, sofa nệm thư giãn và bồn tắm ngâm thanh lọc cơ thể.",N1,Sẵn sàng
PMH-DL-03,Deluxe PMH06,PMH,CozyHome Phú Mỹ Hưng,Deluxe,Biển và nhiệt đới,Lãng mạn ven hồ,3,1 giường đôi lớn,28,view hồ bán nguyệt|máy chiếu phim|ban công ngắm hoàng hôn|bồn tắm ngâm|bàn làm việc gỗ sồi|máy lạnh|minibar|wifi,"Phòng Deluxe PMH06 sở hữu vị trí đắt giá ngắm thẳng Hồ Bán Nguyệt và Cầu Ánh Sao thơ mộng lúc lên đèn. Không gian lãng mạn tột cùng với máy chiếu phim chill, ban công đón gió hồ và bồn tắm ngâm ngát hương thơm.",N2,Sẵn sàng
PMH-DL-04,Deluxe PMH07,PMH,CozyHome Phú Mỹ Hưng,Deluxe,Biển và nhiệt đới,Ấm cúng gia đình,3,1 giường đôi lớn,28,ban công cây xanh|bồn tắm ngâm sang trọng|sofa thư giãn|bàn trang điểm|smart tv|máy lạnh|minibar|wifi|máy sấy tóc,"Phòng Deluxe PMH07 mang đến không gian rộng rãi 28m² với ban công thoáng mát hướng ra vườn hoa nhiệt đới. Trang bị sofa thư giãn êm ái, bồn tắm ngâm sang trọng và bàn trang điểm gỗ sồi tinh xảo.",N3,Sẵn sàng
PMH-FAM-01,Family PMH08,PMH,CozyHome Phú Mỹ Hưng,Family,Biển và nhiệt đới,Thư giãn ven nước,6,3 giường,40,3 giường lớn|sofa bed cửa sổ vòm|ban công view hồ|bồn tắm ngâm|đèn lồng mây khổng lồ|smart tv lớn|máy lạnh|minibar|wifi,"Phòng Family PMH08 rộng 40m² đẳng cấp bậc nhất với 3 giường ngủ (2 giường đôi lớn + 1 sofa bed dài bên cửa sổ vòm cong hướng hồ Bán Nguyệt). Căn phòng ngập tràn phong cách nhiệt đới với đèn lồng mây tre khổng lồ, ban công hướng hồ và bồn tắm ngâm tiện nghi.",N4,Bảo trì
